Title,Location ,Link
HERE Technologies,/companies/here-technologies/
HackerEarth,/companies/hackerearth/
American Express,/companies/american-express/
Mphasis Limited,/companies/mphasis-limited/
Xebia India,/companies/xebia-india/
Sabre,/companies/sabre/
Honeywell,/companies/honeywell/
ThoughtWorks,/companies/thoughtworks/
UditStartUp,/companies/uditstartup/
TEST START UP PLAN,/companies/test-start-up-plan/
FactorBranded Data Warriors,/companies/factordaily/
RBS,/companies/rbs/
HARMAN,/companies/harman/
Intuit,/companies/intuit/
Amazon Web Services,/companies/amazon-web-services/
Credit Suisse,/companies/credit-suisse/
Verizon,/companies/verizon/
TEST START UP 1,/companies/test-start-up-1/
Flock,/companies/flock/
Incedo Inc,/companies/incedo-inc/
"McAfee, Part of Intel Security",/companies/mcafee-part-of-intel-security/
Akamai Technologies,/companies/akamai-technologies/
Siemens PLM,/companies/siemens-plm/
Patriot Hacks,/companies/patriot-hacks/
Northern Operating Services Private Limited (Northern Trust),/companies/northern-operating-services-private-limited-northern-trust/
IBM,/companies/ibm/
Mentor Graphics,/companies/mentor-graphics/
UditEnterprise,/companies/uditenterprise/
SAP Labs,/companies/sap-labs/
Amazon Alexa,/companies/amazon-alexa/
SanDisk,/companies/sandisk/
TEST COMPANY UDIT 1,/companies/test-company-udit-1/
Amazon,/companies/amazon/
UditEnterprise1,/companies/uditenterprise1/
TEST COMPANY UDIT STARTUP,/companies/test-company-udit-startup/
Schlumberger,/companies/schlumberger/
Hasura,/companies/hasura/
S&P Global,/companies/s-p-global/
Aconex,/companies/Aconex/
